revision,grammar,fixture_target_bytes,operation_scope,max_rss_kib,allocated_bytes,allocation_calls
1be979554,go,140288,Full-cold-Go,67636,57946928,81495
96c9867d8,go,140288,Full-cold-Go,57844,46934992,824
3192383b7,go,140288,Full-cold-Go,57864,45958032,658
1be979554,c_sharp,140288,Full-cold-Go,104532,85810736,88004
96c9867d8,c_sharp,140288,Full-cold-Go,96344,77065672,24589
3192383b7,c_sharp,140288,Full-cold-Go,96012,76404136,24472
1be979554,go,1048576,Full-cold-Go,326000,350530328,594924
96c9867d8,go,1048576,Full-cold-Go,246784,262683168,3762
3192383b7,go,1048576,Full-cold-Go,246068,256386512,2608
1be979554,c_sharp,1048576,Full-cold-Go,522368,523083320,633463
96c9867d8,c_sharp,1048576,Full-cold-Go,458716,452490752,174993
3192383b7,c_sharp,1048576,Full-cold-Go,453056,447564480,174099
