language	revision	exit_code
bash	f9828512c	0
c	f9828512c	0
cpp	f9828512c	0
css	f9828512c	0
go	f9828512c	0
html	f9828512c	0
java	f9828512c	0
javascript	f9828512c	1
json	f9828512c	0
kotlin	f9828512c	2
lua	f9828512c	0
php	f9828512c	0
python	f9828512c	0
ruby	f9828512c	0
rust	f9828512c	0
sql	f9828512c	0
swift	f9828512c	0
toml	f9828512c	0
tsx	f9828512c	0
typescript	f9828512c	0
yaml	f9828512c	0
zig	f9828512c	0
scala	f9828512c	0
elixir	f9828512c	0
graphql	f9828512c	0
hcl	f9828512c	0
nix	f9828512c	0
c_sharp	f9828512c	0
cmake	f9828512c	0
dart	f9828512c	0
elm	f9828512c	0
erlang	f9828512c	0
gomod	f9828512c	0
haskell	f9828512c	2
ini	f9828512c	0
json5	f9828512c	0
julia	f9828512c	0
make	f9828512c	0
markdown	f9828512c	0
objc	f9828512c	0
ocaml	f9828512c	0
perl	f9828512c	0
powershell	f9828512c	2
r	f9828512c	0
scss	f9828512c	0
svelte	f9828512c	0
xml	f9828512c	0
awk	f9828512c	1
clojure	f9828512c	0
d	f9828512c	0
regex	f9828512c	0
agda	f9828512c	0
embedded_template	f9828512c	0
verilog	f9828512c	0
ada	f9828512c	0
angular	f9828512c	0
apex	f9828512c	0
arduino	f9828512c	0
asm	f9828512c	0
astro	f9828512c	0
authzed	f9828512c	0
bass	f9828512c	0
beancount	f9828512c	0
bibtex	f9828512c	0
bicep	f9828512c	0
bitbake	f9828512c	0
blade	f9828512c	0
brightscript	f9828512c	0
caddy	f9828512c	0
cairo	f9828512c	0
capnp	f9828512c	0
chatito	f9828512c	0
circom	f9828512c	0
comment	f9828512c	0
commonlisp	f9828512c	0
cooklang	f9828512c	0
corn	f9828512c	0
cpon	f9828512c	0
csv	f9828512c	0
cuda	f9828512c	0
cue	f9828512c	0
cylc	f9828512c	0
desktop	f9828512c	0
devicetree	f9828512c	0
diff	f9828512c	0
disassembly	f9828512c	0
djot	f9828512c	0
dockerfile	f9828512c	0
doxygen	f9828512c	0
dtd	f9828512c	0
earthfile	f9828512c	0
ebnf	f9828512c	0
editorconfig	f9828512c	0
eds	f9828512c	0
eex	f9828512c	0
elsa	f9828512c	2
enforce	f9828512c	0
facility	f9828512c	0
faust	f9828512c	0
fennel	f9828512c	0
fidl	f9828512c	0
firrtl	f9828512c	0
foam	f9828512c	0
jsdoc	f9828512c	0
vue	f9828512c	0
gleam	f9828512c	0
odin	f9828512c	0
fortran	f9828512c	0
pascal	f9828512c	0
scheme	f9828512c	0
racket	f9828512c	0
solidity	f9828512c	0
fish	f9828512c	0
hack	f9828512c	0
purescript	f9828512c	0
rescript	f9828512c	0
v	f9828512c	0
proto	f9828512c	0
kdl	f9828512c	0
meson	f9828512c	1
properties	f9828512c	0
jsonnet	f9828512c	0
just	f9828512c	0
ninja	f9828512c	0
starlark	f9828512c	0
requirements	f9828512c	0
dot	f9828512c	0
mermaid	f9828512c	0
rst	f9828512c	0
org	f9828512c	0
robot	f9828512c	0
glsl	f9828512c	0
hlsl	f9828512c	0
wgsl	f9828512c	0
vhdl	f9828512c	0
llvm	f9828512c	0
gitcommit	f9828512c	0
git_rebase	f9828512c	0
gitignore	f9828512c	0
git_config	f9828512c	0
gitattributes	f9828512c	0
http	f9828512c	0
nginx	f9828512c	0
tmux	f9828512c	0
vimdoc	f9828512c	0
ssh_config	f9828512c	0
puppet	f9828512c	0
gn	f9828512c	0
move	f9828512c	0
twig	f9828512c	1
pug	f9828512c	0
less	f9828512c	0
tcl	f9828512c	0
typst	f9828512c	0
markdown_inline	f9828512c	0
norg	f9828512c	0
todotxt	f9828512c	0
nim	f9828512c	0
janet	f9828512c	0
dhall	f9828512c	0
tablegen	f9828512c	0
kconfig	f9828512c	0
linkerscript	f9828512c	0
luau	f9828512c	0
hare	f9828512c	0
gdscript	f9828512c	0
godot_resource	f9828512c	2
nickel	f9828512c	0
pkl	f9828512c	0
ron	f9828512c	0
rego	f9828512c	0
ledger	f9828512c	0
liquid	f9828512c	0
nushell	f9828512c	0
thrift	f9828512c	0
prisma	f9828512c	0
ql	f9828512c	0
promql	f9828512c	0
uxntal	f9828512c	0
squirrel	f9828512c	0
groovy	f9828512c	0
yuck	f9828512c	0
hurl	f9828512c	0
hyprlang	f9828512c	0
pem	f9828512c	0
crystal	f9828512c	0
elisp	f9828512c	0
fsharp	f9828512c	0
haxe	f9828512c	0
teal	f9828512c	0
forth	f9828512c	0
cobol	f9828512c	0
heex	f9828512c	0
templ	f9828512c	0
jinja2	f9828512c	0
jq	f9828512c	0
smithy	f9828512c	0
textproto	f9828512c	0
tlaplus	f9828512c	0
matlab	f9828512c	0
sparql	f9828512c	0
turtle	f9828512c	0
wat	f9828512c	0
prolog	f9828512c	0
mojo	f9828512c	0
wolfram	f9828512c	0
bash	6127d35d3	0
c	6127d35d3	0
cpp	6127d35d3	0
css	6127d35d3	0
go	6127d35d3	0
html	6127d35d3	0
java	6127d35d3	0
javascript	6127d35d3	1
json	6127d35d3	0
kotlin	6127d35d3	0
lua	6127d35d3	0
php	6127d35d3	0
python	6127d35d3	0
ruby	6127d35d3	0
rust	6127d35d3	0
sql	6127d35d3	0
swift	6127d35d3	0
toml	6127d35d3	0
tsx	6127d35d3	0
typescript	6127d35d3	0
yaml	6127d35d3	0
zig	6127d35d3	0
scala	6127d35d3	0
elixir	6127d35d3	0
graphql	6127d35d3	0
hcl	6127d35d3	0
nix	6127d35d3	0
c_sharp	6127d35d3	0
cmake	6127d35d3	0
dart	6127d35d3	0
elm	6127d35d3	0
erlang	6127d35d3	0
gomod	6127d35d3	0
haskell	6127d35d3	0
ini	6127d35d3	0
json5	6127d35d3	0
julia	6127d35d3	0
make	6127d35d3	0
markdown	6127d35d3	0
objc	6127d35d3	0
ocaml	6127d35d3	0
perl	6127d35d3	0
powershell	6127d35d3	0
r	6127d35d3	0
scss	6127d35d3	0
svelte	6127d35d3	0
xml	6127d35d3	0
awk	6127d35d3	1
clojure	6127d35d3	0
d	6127d35d3	0
regex	6127d35d3	0
agda	6127d35d3	0
embedded_template	6127d35d3	0
verilog	6127d35d3	0
ada	6127d35d3	0
angular	6127d35d3	0
apex	6127d35d3	0
arduino	6127d35d3	0
asm	6127d35d3	0
astro	6127d35d3	0
authzed	6127d35d3	0
bass	6127d35d3	0
beancount	6127d35d3	0
bibtex	6127d35d3	0
bicep	6127d35d3	0
bitbake	6127d35d3	0
blade	6127d35d3	0
brightscript	6127d35d3	0
caddy	6127d35d3	0
cairo	6127d35d3	0
capnp	6127d35d3	0
chatito	6127d35d3	0
circom	6127d35d3	0
comment	6127d35d3	0
commonlisp	6127d35d3	0
cooklang	6127d35d3	0
corn	6127d35d3	0
cpon	6127d35d3	0
csv	6127d35d3	0
cuda	6127d35d3	0
cue	6127d35d3	0
cylc	6127d35d3	0
desktop	6127d35d3	0
devicetree	6127d35d3	0
diff	6127d35d3	0
disassembly	6127d35d3	0
djot	6127d35d3	0
dockerfile	6127d35d3	0
doxygen	6127d35d3	0
dtd	6127d35d3	0
earthfile	6127d35d3	0
ebnf	6127d35d3	0
editorconfig	6127d35d3	0
eds	6127d35d3	0
eex	6127d35d3	0
elsa	6127d35d3	0
enforce	6127d35d3	0
facility	6127d35d3	0
faust	6127d35d3	0
fennel	6127d35d3	0
fidl	6127d35d3	0
firrtl	6127d35d3	0
foam	6127d35d3	0
jsdoc	6127d35d3	0
vue	6127d35d3	0
gleam	6127d35d3	0
odin	6127d35d3	0
fortran	6127d35d3	0
pascal	6127d35d3	0
scheme	6127d35d3	0
racket	6127d35d3	0
solidity	6127d35d3	0
fish	6127d35d3	0
hack	6127d35d3	0
purescript	6127d35d3	0
rescript	6127d35d3	0
v	6127d35d3	0
proto	6127d35d3	0
kdl	6127d35d3	0
meson	6127d35d3	1
properties	6127d35d3	0
jsonnet	6127d35d3	0
just	6127d35d3	0
ninja	6127d35d3	0
starlark	6127d35d3	0
requirements	6127d35d3	0
dot	6127d35d3	0
mermaid	6127d35d3	0
rst	6127d35d3	0
org	6127d35d3	0
robot	6127d35d3	0
glsl	6127d35d3	0
hlsl	6127d35d3	0
wgsl	6127d35d3	0
vhdl	6127d35d3	0
llvm	6127d35d3	0
gitcommit	6127d35d3	0
git_rebase	6127d35d3	0
gitignore	6127d35d3	0
git_config	6127d35d3	0
gitattributes	6127d35d3	0
http	6127d35d3	0
nginx	6127d35d3	0
tmux	6127d35d3	0
vimdoc	6127d35d3	0
ssh_config	6127d35d3	0
puppet	6127d35d3	0
gn	6127d35d3	0
move	6127d35d3	0
twig	6127d35d3	1
pug	6127d35d3	0
less	6127d35d3	0
tcl	6127d35d3	0
typst	6127d35d3	0
markdown_inline	6127d35d3	0
norg	6127d35d3	0
todotxt	6127d35d3	0
nim	6127d35d3	0
janet	6127d35d3	0
dhall	6127d35d3	0
tablegen	6127d35d3	0
kconfig	6127d35d3	0
linkerscript	6127d35d3	0
luau	6127d35d3	0
hare	6127d35d3	0
gdscript	6127d35d3	0
godot_resource	6127d35d3	0
nickel	6127d35d3	0
pkl	6127d35d3	0
ron	6127d35d3	0
rego	6127d35d3	0
ledger	6127d35d3	0
liquid	6127d35d3	0
nushell	6127d35d3	0
thrift	6127d35d3	0
prisma	6127d35d3	0
ql	6127d35d3	0
promql	6127d35d3	0
uxntal	6127d35d3	0
squirrel	6127d35d3	0
groovy	6127d35d3	0
yuck	6127d35d3	0
hurl	6127d35d3	0
hyprlang	6127d35d3	0
pem	6127d35d3	0
crystal	6127d35d3	0
elisp	6127d35d3	0
fsharp	6127d35d3	0
haxe	6127d35d3	0
teal	6127d35d3	0
forth	6127d35d3	0
cobol	6127d35d3	0
heex	6127d35d3	0
templ	6127d35d3	0
jinja2	6127d35d3	0
jq	6127d35d3	0
smithy	6127d35d3	0
textproto	6127d35d3	0
tlaplus	6127d35d3	0
matlab	6127d35d3	0
sparql	6127d35d3	0
turtle	6127d35d3	0
wat	6127d35d3	0
prolog	6127d35d3	0
mojo	6127d35d3	0
wolfram	6127d35d3	0
bash	reserved-frames	0
c	reserved-frames	0
cpp	reserved-frames	0
css	reserved-frames	0
go	reserved-frames	0
html	reserved-frames	0
java	reserved-frames	0
javascript	reserved-frames	1
json	reserved-frames	0
kotlin	reserved-frames	0
lua	reserved-frames	0
php	reserved-frames	0
python	reserved-frames	0
ruby	reserved-frames	0
rust	reserved-frames	0
sql	reserved-frames	0
swift	reserved-frames	0
toml	reserved-frames	0
tsx	reserved-frames	0
typescript	reserved-frames	0
yaml	reserved-frames	0
zig	reserved-frames	0
scala	reserved-frames	0
elixir	reserved-frames	0
graphql	reserved-frames	0
hcl	reserved-frames	0
nix	reserved-frames	0
c_sharp	reserved-frames	0
cmake	reserved-frames	0
dart	reserved-frames	0
elm	reserved-frames	0
erlang	reserved-frames	0
gomod	reserved-frames	0
haskell	reserved-frames	0
ini	reserved-frames	0
json5	reserved-frames	0
julia	reserved-frames	0
make	reserved-frames	0
markdown	reserved-frames	0
objc	reserved-frames	0
ocaml	reserved-frames	0
perl	reserved-frames	0
powershell	reserved-frames	0
r	reserved-frames	0
scss	reserved-frames	0
svelte	reserved-frames	0
xml	reserved-frames	0
awk	reserved-frames	1
clojure	reserved-frames	0
d	reserved-frames	0
regex	reserved-frames	0
agda	reserved-frames	0
embedded_template	reserved-frames	0
verilog	reserved-frames	0
ada	reserved-frames	0
angular	reserved-frames	0
apex	reserved-frames	0
arduino	reserved-frames	0
asm	reserved-frames	0
astro	reserved-frames	0
authzed	reserved-frames	0
bass	reserved-frames	0
beancount	reserved-frames	0
bibtex	reserved-frames	0
bicep	reserved-frames	0
bitbake	reserved-frames	0
blade	reserved-frames	0
brightscript	reserved-frames	0
caddy	reserved-frames	0
cairo	reserved-frames	0
capnp	reserved-frames	0
chatito	reserved-frames	0
circom	reserved-frames	0
comment	reserved-frames	0
commonlisp	reserved-frames	0
cooklang	reserved-frames	0
corn	reserved-frames	0
cpon	reserved-frames	0
csv	reserved-frames	0
cuda	reserved-frames	0
cue	reserved-frames	0
cylc	reserved-frames	0
desktop	reserved-frames	0
devicetree	reserved-frames	0
diff	reserved-frames	0
disassembly	reserved-frames	0
djot	reserved-frames	0
dockerfile	reserved-frames	0
doxygen	reserved-frames	0
dtd	reserved-frames	0
earthfile	reserved-frames	0
ebnf	reserved-frames	0
editorconfig	reserved-frames	0
eds	reserved-frames	0
eex	reserved-frames	0
elsa	reserved-frames	0
enforce	reserved-frames	0
facility	reserved-frames	0
faust	reserved-frames	0
fennel	reserved-frames	0
fidl	reserved-frames	0
firrtl	reserved-frames	0
foam	reserved-frames	0
jsdoc	reserved-frames	0
vue	reserved-frames	0
gleam	reserved-frames	0
odin	reserved-frames	0
fortran	reserved-frames	0
pascal	reserved-frames	0
scheme	reserved-frames	0
racket	reserved-frames	0
solidity	reserved-frames	0
fish	reserved-frames	0
hack	reserved-frames	0
purescript	reserved-frames	0
rescript	reserved-frames	0
v	reserved-frames	0
proto	reserved-frames	0
kdl	reserved-frames	0
meson	reserved-frames	1
properties	reserved-frames	0
jsonnet	reserved-frames	0
just	reserved-frames	0
ninja	reserved-frames	0
starlark	reserved-frames	0
requirements	reserved-frames	0
dot	reserved-frames	0
mermaid	reserved-frames	0
rst	reserved-frames	0
org	reserved-frames	0
robot	reserved-frames	0
glsl	reserved-frames	0
hlsl	reserved-frames	0
wgsl	reserved-frames	0
vhdl	reserved-frames	0
llvm	reserved-frames	0
gitcommit	reserved-frames	0
git_rebase	reserved-frames	0
gitignore	reserved-frames	0
git_config	reserved-frames	0
gitattributes	reserved-frames	0
http	reserved-frames	0
nginx	reserved-frames	0
tmux	reserved-frames	0
vimdoc	reserved-frames	0
ssh_config	reserved-frames	0
puppet	reserved-frames	0
gn	reserved-frames	0
move	reserved-frames	0
twig	reserved-frames	1
pug	reserved-frames	0
less	reserved-frames	0
tcl	reserved-frames	0
typst	reserved-frames	0
markdown_inline	reserved-frames	0
norg	reserved-frames	0
todotxt	reserved-frames	0
nim	reserved-frames	0
janet	reserved-frames	0
dhall	reserved-frames	0
tablegen	reserved-frames	0
kconfig	reserved-frames	0
linkerscript	reserved-frames	0
luau	reserved-frames	0
hare	reserved-frames	0
gdscript	reserved-frames	0
godot_resource	reserved-frames	0
nickel	reserved-frames	0
pkl	reserved-frames	0
ron	reserved-frames	0
rego	reserved-frames	0
ledger	reserved-frames	0
liquid	reserved-frames	0
nushell	reserved-frames	0
thrift	reserved-frames	0
prisma	reserved-frames	0
ql	reserved-frames	0
promql	reserved-frames	0
uxntal	reserved-frames	0
squirrel	reserved-frames	0
groovy	reserved-frames	0
yuck	reserved-frames	0
hurl	reserved-frames	0
hyprlang	reserved-frames	0
pem	reserved-frames	0
crystal	reserved-frames	0
elisp	reserved-frames	0
fsharp	reserved-frames	0
haxe	reserved-frames	0
teal	reserved-frames	0
forth	reserved-frames	0
cobol	reserved-frames	0
heex	reserved-frames	0
templ	reserved-frames	0
jinja2	reserved-frames	0
jq	reserved-frames	0
smithy	reserved-frames	0
textproto	reserved-frames	0
tlaplus	reserved-frames	0
matlab	reserved-frames	0
sparql	reserved-frames	0
turtle	reserved-frames	0
wat	reserved-frames	0
prolog	reserved-frames	0
mojo	reserved-frames	0
wolfram	reserved-frames	0
